"Arsenal","[1, 'CRY (H)', 2]","[2, 'EVE (A)', 1]","['31 Aug 16:00', 'Gameweek 3', 'Leicester (A)']","['13 Sep 12:45', 'Gameweek 4', 'Man City (H)']","['20 Sep 15:00', 'Gameweek 5', 'Aston Villa (A)']","['27 Sep 17:30', 'Gameweek 6', 'Spurs (H)']","['05 Oct 14:05', 'Gameweek 7', 'Chelsea (A)']","['18 Oct 15:00', 'Gameweek 8', 'Hull (H)']","['25 Oct 15:00', 'Gameweek 9', 'Sunderland (A)']","['01 Nov 15:00', 'Gameweek 10', 'Burnley (H)']","['09 Nov 16:00', 'Gameweek 11', 'Swansea (A)']","['22 Nov 17:30', 'Gameweek 12', 'Man Utd (H)']","['29 Nov 12:45', 'Gameweek 13', 'West Brom (A)']","['03 Dec 19:45', 'Gameweek 14', 'Southampton (H)']","['06 Dec 15:00', 'Gameweek 15', 'Stoke (A)']","['13 Dec 15:00', 'Gameweek 16', 'Newcastle (H)']","['20 Dec 15:00', 'Gameweek 17', 'Liverpool (A)']","['26 Dec 15:00', 'Gameweek 18', 'QPR (H)']","['28 Dec 15:00', 'Gameweek 19', 'West Ham (A)']","['01 Jan 15:00', 'Gameweek 20', 'Southampton (A)']","['10 Jan 15:00', 'Gameweek 21', 'Stoke (H)']","['17 Jan 15:00', 'Gameweek 22', 'Man City (A)']","['31 Jan 15:00', 'Gameweek 23', 'Aston Villa (H)']","['07 Feb 15:00', 'Gameweek 24', 'Spurs (A)']","['10 Feb 19:45', 'Gameweek 25', 'Leicester (H)']","['21 Feb 15:00', 'Gameweek 26', 'Crystal Palace (A)']","['28 Feb 15:00', 'Gameweek 27', 'Everton (H)']","['03 Mar 19:45', 'Gameweek 28', 'QPR (A)']","['14 Mar 15:00', 'Gameweek 29', 'West Ham (H)']","['21 Mar 15:00', 'Gameweek 30', 'Newcastle (A)']","['04 Apr 15:00', 'Gameweek 31', 'Liverpool (H)']","['11 Apr 15:00', 'Gameweek 32', 'Burnley (A)']","['18 Apr 15:00', 'Gameweek 33', 'Sunderland (H)']","['25 Apr 15:00', 'Gameweek 34', 'Chelsea (H)']","['02 May 15:00', 'Gameweek 35', 'Hull (A)']","['09 May 15:00', 'Gameweek 36', 'Swansea (H)']","['16 May 15:00', 'Gameweek 37', 'Man Utd (A)']","['24 May 15:00', 'Gameweek 38', 'West Brom (H)']"
"West Ham","[1, 'TOT (H)', 0]","[2, 'CRY (A)', 0]","['30 Aug 15:00', 'Gameweek 3', 'Southampton (H)']","['15 Sep 20:00', 'Gameweek 4', 'Hull (A)']","['20 Sep 17:30', 'Gameweek 5', 'Liverpool (H)']","['27 Sep 15:00', 'Gameweek 6', 'Man Utd (A)']","['05 Oct 16:15', 'Gameweek 7', 'QPR (H)']","['18 Oct 15:00', 'Gameweek 8', 'Burnley (A)']","['25 Oct 12:45', 'Gameweek 9', 'Man City (H)']","['01 Nov 15:00', 'Gameweek 10', 'Stoke (A)']","['08 Nov 15:00', 'Gameweek 11', 'Aston Villa (H)']","['22 Nov 15:00', 'Gameweek 12', 'Everton (A)']","['29 Nov 15:00', 'Gameweek 13', 'Newcastle (H)']","['02 Dec 20:00', 'Gameweek 14', 'West Brom (A)']","['06 Dec 15:00', 'Gameweek 15', 'Swansea (H)']","['13 Dec 15:00', 'Gameweek 16', 'Sunderland (A)']","['20 Dec 15:00', 'Gameweek 17', 'Leicester (H)']","['26 Dec 15:00', 'Gameweek 18', 'Chelsea (A)']","['28 Dec 15:00', 'Gameweek 19', 'Arsenal (H)']","['01 Jan 15:00', 'Gameweek 20', 'West Brom (H)']","['10 Jan 15:00', 'Gameweek 21', 'Swansea (A)']","['17 Jan 15:00', 'Gameweek 22', 'Hull (H)']","['31 Jan 15:00', 'Gameweek 23', 'Liverpool (A)']","['07 Feb 15:00', 'Gameweek 24', 'Man Utd (H)']","['10 Feb 19:45', 'Gameweek 25', 'Southampton (A)']","['21 Feb 15:00', 'Gameweek 26', 'Spurs (A)']","['28 Feb 15:00', 'Gameweek 27', 'Crystal Palace (H)']","['03 Mar 19:45', 'Gameweek 28', 'Chelsea (H)']","['14 Mar 15:00', 'Gameweek 29', 'Arsenal (A)']","['21 Mar 15:00', 'Gameweek 30', 'Sunderland (H)']","['04 Apr 15:00', 'Gameweek 31', 'Leicester (A)']","['11 Apr 15:00', 'Gameweek 32', 'Stoke (H)']","['18 Apr 15:00', 'Gameweek 33', 'Man City (A)']","['25 Apr 15:00', 'Gameweek 34', 'QPR (A)']","['02 May 15:00', 'Gameweek 35', 'Burnley (H)']","['09 May 15:00', 'Gameweek 36', 'Aston Villa (A)']","['16 May 15:00', 'Gameweek 37', 'Everton (H)']","['24 May 15:00', 'Gameweek 38', 'Newcastle (A)']"
"Aston Villa","[1, 'STK (A)', 0]","[2, 'NEW (H)', 0]","['31 Aug 13:30', 'Gameweek 3', 'Hull (H)']","['13 Sep 17:30', 'Gameweek 4', 'Liverpool (A)']","['20 Sep 15:00', 'Gameweek 5', 'Arsenal (H)']","['27 Sep 15:00', 'Gameweek 6', 'Chelsea (A)']","['04 Oct 17:30', 'Gameweek 7', 'Man City (H)']","['18 Oct 15:00', 'Gameweek 8', 'Everton (A)']","['27 Oct 20:00', 'Gameweek 9', 'QPR (A)']","['02 Nov 16:00', 'Gameweek 10', 'Spurs (H)']","['08 Nov 15:00', 'Gameweek 11', 'West Ham (A)']","['24 Nov 20:00', 'Gameweek 12', 'Southampton (H)']","['29 Nov 15:00', 'Gameweek 13', 'Burnley (A)']","['02 Dec 20:00', 'Gameweek 14', 'Crystal Palace (A)']","['06 Dec 15:00', 'Gameweek 15', 'Leicester (H)']","['13 Dec 15:00', 'Gameweek 16', 'West Brom (A)']","['20 Dec 15:00', 'Gameweek 17', 'Man Utd (H)']","['26 Dec 15:00', 'Gameweek 18', 'Swansea (A)']","['28 Dec 15:00', 'Gameweek 19', 'Sunderland (H)']","['01 Jan 15:00', 'Gameweek 20', 'Crystal Palace (H)']","['10 Jan 15:00', 'Gameweek 21', 'Leicester (A)']","['17 Jan 15:00', 'Gameweek 22', 'Liverpool (H)']","['31 Jan 15:00', 'Gameweek 23', 'Arsenal (A)']","['07 Feb 15:00', 'Gameweek 24', 'Chelsea (H)']","['10 Feb 19:45', 'Gameweek 25', 'Hull (A)']","['21 Feb 15:00', 'Gameweek 26', 'Stoke (H)']","['28 Feb 15:00', 'Gameweek 27', 'Newcastle (A)']","['03 Mar 19:45', 'Gameweek 28', 'West Brom (H)']","['14 Mar 15:00', 'Gameweek 29', 'Sunderland (A)']","['21 Mar 15:00', 'Gameweek 30', 'Swansea (H)']","['04 Apr 15:00', 'Gameweek 31', 'Man Utd (A)']","['11 Apr 15:00', 'Gameweek 32', 'Spurs (A)']","['18 Apr 15:00', 'Gameweek 33', 'QPR (H)']","['25 Apr 15:00', 'Gameweek 34', 'Man City (A)']","['02 May 15:00', 'Gameweek 35', 'Everton (H)']","['09 May 15:00', 'Gameweek 36', 'West Ham (H)']","['16 May 15:00', 'Gameweek 37', 'Southampton (A)']","['24 May 15:00', 'Gameweek 38', 'Burnley (H)']"
"Burnley","[1, 'CHE (H)', 1]","[2, 'SWA (A)', 3]","['30 Aug 12:45', 'Gameweek 3', 'Man Utd (H)']","['13 Sep 15:00', 'Gameweek 4', 'Crystal Palace (A)']","['20 Sep 15:00', 'Gameweek 5', 'Sunderland (H)']","['28 Sep 16:00', 'Gameweek 6', 'West Brom (A)']","['04 Oct 15:00', 'Gameweek 7', 'Leicester (A)']","['18 Oct 15:00', 'Gameweek 8', 'West Ham (H)']","['26 Oct 13:30', 'Gameweek 9', 'Everton (H)']","['01 Nov 15:00', 'Gameweek 10', 'Arsenal (A)']","['08 Nov 15:00', 'Gameweek 11', 'Hull (H)']","['22 Nov 15:00', 'Gameweek 12', 'Stoke (A)']","['29 Nov 15:00', 'Gameweek 13', 'Aston Villa (H)']","['02 Dec 19:45', 'Gameweek 14', 'Newcastle (H)']","['06 Dec 15:00', 'Gameweek 15', 'QPR (A)']","['13 Dec 15:00', 'Gameweek 16', 'Southampton (H)']","['20 Dec 15:00', 'Gameweek 17', 'Spurs (A)']","['26 Dec 15:00', 'Gameweek 18', 'Liverpool (H)']","['28 Dec 15:00', 'Gameweek 19', 'Man City (A)']","['01 Jan 15:00', 'Gameweek 20', 'Newcastle (A)']","['10 Jan 15:00', 'Gameweek 21', 'QPR (H)']","['17 Jan 15:00', 'Gameweek 22', 'Crystal Palace (H)']","['31 Jan 15:00', 'Gameweek 23', 'Sunderland (A)']","['07 Feb 15:00', 'Gameweek 24', 'West Brom (H)']","['10 Feb 19:45', 'Gameweek 25', 'Man Utd (A)']","['21 Feb 15:00', 'Gameweek 26', 'Chelsea (A)']","['28 Feb 15:00', 'Gameweek 27', 'Swansea (H)']","['03 Mar 20:00', 'Gameweek 28', 'Liverpool (A)']","['14 Mar 15:00', 'Gameweek 29', 'Man City (H)']","['21 Mar 15:00', 'Gameweek 30', 'Southampton (A)']","['04 Apr 15:00', 'Gameweek 31', 'Spurs (H)']","['11 Apr 15:00', 'Gameweek 32', 'Arsenal (H)']","['18 Apr 15:00', 'Gameweek 33', 'Everton (A)']","['25 Apr 15:00', 'Gameweek 34', 'Leicester (H)']","['02 May 15:00', 'Gameweek 35', 'West Ham (A)']","['09 May 15:00', 'Gameweek 36', 'Hull (A)']","['16 May 15:00', 'Gameweek 37', 'Stoke (H)']","['24 May 15:00', 'Gameweek 38', 'Aston Villa (A)']"
"Chelsea","[1, 'BUR (A)', 0]","[2, 'LEI (H)', 0]","['30 Aug 17:30', 'Gameweek 3', 'Everton (A)']","['13 Sep 15:00', 'Gameweek 4', 'Swansea (H)']","['21 Sep 16:00', 'Gameweek 5', 'Man City (A)']","['27 Sep 15:00', 'Gameweek 6', 'Aston Villa (H)']","['05 Oct 14:05', 'Gameweek 7', 'Arsenal (H)']","['18 Oct 15:00', 'Gameweek 8', 'Crystal Palace (A)']","['26 Oct 16:00', 'Gameweek 9', 'Man Utd (A)']","['01 Nov 15:00', 'Gameweek 10', 'QPR (H)']","['08 Nov 12:45', 'Gameweek 11', 'Liverpool (A)']","['22 Nov 15:00', 'Gameweek 12', 'West Brom (H)']","['29 Nov 17:30', 'Gameweek 13', 'Sunderland (A)']","['03 Dec 19:45', 'Gameweek 14', 'Spurs (H)']","['06 Dec 15:00', 'Gameweek 15', 'Newcastle (A)']","['13 Dec 15:00', 'Gameweek 16', 'Hull (H)']","['20 Dec 15:00', 'Gameweek 17', 'Stoke (A)']","['26 Dec 15:00', 'Gameweek 18', 'West Ham (H)']","['28 Dec 15:00', 'Gameweek 19', 'Southampton (A)']","['01 Jan 15:00', 'Gameweek 20', 'Spurs (A)']","['10 Jan 15:00', 'Gameweek 21', 'Newcastle (H)']","['17 Jan 15:00', 'Gameweek 22', 'Swansea (A)']","['31 Jan 15:00', 'Gameweek 23', 'Man City (H)']","['07 Feb 15:00', 'Gameweek 24', 'Aston Villa (A)']","['11 Feb 19:45', 'Gameweek 25', 'Everton (H)']","['21 Feb 15:00', 'Gameweek 26', 'Burnley (H)']","['28 Feb 15:00', 'Gameweek 27', 'Leicester (A)']","['03 Mar 19:45', 'Gameweek 28', 'West Ham (A)']","['14 Mar 15:00', 'Gameweek 29', 'Southampton (H)']","['21 Mar 15:00', 'Gameweek 30', 'Hull (A)']","['04 Apr 15:00', 'Gameweek 31', 'Stoke (H)']","['11 Apr 15:00', 'Gameweek 32', 'QPR (A)']","['18 Apr 15:00', 'Gameweek 33', 'Man Utd (H)']","['25 Apr 15:00', 'Gameweek 34', 'Arsenal (A)']","['02 May 15:00', 'Gameweek 35', 'Crystal Palace (H)']","['09 May 15:00', 'Gameweek 36', 'Liverpool (H)']","['16 May 15:00', 'Gameweek 37', 'West Brom (A)']","['24 May 15:00', 'Gameweek 38', 'Sunderland (H)']"
"Southampton","[1, 'LIV (A)', 1]","[2, 'WBA (H)', 6]","['30 Aug 15:00', 'Gameweek 3', 'West Ham (A)']","['13 Sep 15:00', 'Gameweek 4', 'Newcastle (H)']","['20 Sep 15:00', 'Gameweek 5', 'Swansea (A)']","['27 Sep 15:00', 'Gameweek 6', 'QPR (H)']","['04 Oct 15:00', 'Gameweek 7', 'Spurs (A)']","['18 Oct 15:00', 'Gameweek 8', 'Sunderland (H)']","['25 Oct 15:00', 'Gameweek 9', 'Stoke (H)']","['01 Nov 15:00', 'Gameweek 10', 'Hull (A)']","['08 Nov 15:00', 'Gameweek 11', 'Leicester (H)']","['24 Nov 20:00', 'Gameweek 12', 'Aston Villa (A)']","['30 Nov 13:30', 'Gameweek 13', 'Man City (H)']","['03 Dec 19:45', 'Gameweek 14', 'Arsenal (A)']","['06 Dec 15:00', 'Gameweek 15', 'Man Utd (H)']","['13 Dec 15:00', 'Gameweek 16', 'Burnley (A)']","['20 Dec 15:00', 'Gameweek 17', 'Everton (H)']","['26 Dec 15:00', 'Gameweek 18', 'Crystal Palace (A)']","['28 Dec 15:00', 'Gameweek 19', 'Chelsea (H)']","['01 Jan 15:00', 'Gameweek 20', 'Arsenal (H)']","['10 Jan 15:00', 'Gameweek 21', 'Man Utd (A)']","['17 Jan 15:00', 'Gameweek 22', 'Newcastle (A)']","['31 Jan 15:00', 'Gameweek 23', 'Swansea (H)']","['07 Feb 15:00', 'Gameweek 24', 'QPR (A)']","['10 Feb 19:45', 'Gameweek 25', 'West Ham (H)']","['21 Feb 15:00', 'Gameweek 26', 'Liverpool (H)']","['28 Feb 15:00', 'Gameweek 27', 'West Brom (A)']","['03 Mar 19:45', 'Gameweek 28', 'Crystal Palace (H)']","['14 Mar 15:00', 'Gameweek 29', 'Chelsea (A)']","['21 Mar 15:00', 'Gameweek 30', 'Burnley (H)']","['04 Apr 15:00', 'Gameweek 31', 'Everton (A)']","['11 Apr 15:00', 'Gameweek 32', 'Hull (H)']","['18 Apr 15:00', 'Gameweek 33', 'Stoke (A)']","['25 Apr 15:00', 'Gameweek 34', 'Spurs (H)']","['02 May 15:00', 'Gameweek 35', 'Sunderland (A)']","['09 May 15:00', 'Gameweek 36', 'Leicester (A)']","['16 May 15:00', 'Gameweek 37', 'Aston Villa (H)']","['24 May 15:00', 'Gameweek 38', 'Man City (A)']"
"Stoke","[1, 'BUR (A)', 0]","[2, 'HUL (A)', 0]","['30 Aug 15:00', 'Gameweek 3', 'Man City (A)']","['13 Sep 15:00', 'Gameweek 4', 'Leicester (H)']","['20 Sep 12:45', 'Gameweek 5', 'QPR (A)']","['29 Sep 20:00', 'Gameweek 6', 'Newcastle (H)']","['04 Oct 15:00', 'Gameweek 7', 'Sunderland (A)']","['19 Oct 16:00', 'Gameweek 8', 'Swansea (H)']","['25 Oct 15:00', 'Gameweek 9', 'Southampton (A)']","['01 Nov 15:00', 'Gameweek 10', 'West Ham (H)']","['08 Nov 15:00', 'Gameweek 11', 'Spurs (A)']","['22 Nov 15:00', 'Gameweek 12', 'Burnley (H)']","['29 Nov 15:00', 'Gameweek 13', 'Liverpool (A)']","['02 Dec 19:45', 'Gameweek 14', 'Man Utd (A)']","['06 Dec 15:00', 'Gameweek 15', 'Arsenal (H)']","['13 Dec 15:00', 'Gameweek 16', 'Crystal Palace (A)']","['20 Dec 15:00', 'Gameweek 17', 'Chelsea (H)']","['26 Dec 15:00', 'Gameweek 18', 'Everton (A)']","['28 Dec 15:00', 'Gameweek 19', 'West Brom (H)']","['01 Jan 15:00', 'Gameweek 20', 'Man Utd (H)']","['10 Jan 15:00', 'Gameweek 21', 'Arsenal (A)']","['17 Jan 15:00', 'Gameweek 22', 'Leicester (A)']","['31 Jan 15:00', 'Gameweek 23', 'QPR (H)']","['07 Feb 15:00', 'Gameweek 24', 'Newcastle (A)']","['11 Feb 19:45', 'Gameweek 25', 'Man City (H)']","['21 Feb 15:00', 'Gameweek 26', 'Aston Villa (A)']","['28 Feb 15:00', 'Gameweek 27', 'Hull (H)']","['04 Mar 19:45', 'Gameweek 28', 'Everton (H)']","['14 Mar 15:00', 'Gameweek 29', 'West Brom (A)']","['21 Mar 15:00', 'Gameweek 30', 'Crystal Palace (H)']","['04 Apr 15:00', 'Gameweek 31', 'Chelsea (A)']","['11 Apr 15:00', 'Gameweek 32', 'West Ham (A)']","['18 Apr 15:00', 'Gameweek 33', 'Southampton (H)']","['25 Apr 15:00', 'Gameweek 34', 'Sunderland (H)']","['02 May 15:00', 'Gameweek 35', 'Swansea (A)']","['09 May 15:00', 'Gameweek 36', 'Spurs (H)']","['16 May 15:00', 'Gameweek 37', 'Burnley (A)']","['24 May 15:00', 'Gameweek 38', 'Liverpool (H)']"
"Everton","[1, 'LEI (A)', 2]","[2, 'ARS (H)', 5]","['30 Aug 17:30', 'Gameweek 3', 'Chelsea (H)']","['13 Sep 15:00', 'Gameweek 4', 'West Brom (A)']","['21 Sep 16:00', 'Gameweek 5', 'Crystal Palace (H)']","['27 Sep 12:45', 'Gameweek 6', 'Liverpool (A)']","['05 Oct 12:00', 'Gameweek 7', 'Man Utd (A)']","['18 Oct 15:00', 'Gameweek 8', 'Aston Villa (H)']","['26 Oct 13:30', 'Gameweek 9', 'Burnley (A)']","['01 Nov 15:00', 'Gameweek 10', 'Swansea (H)']","['09 Nov 13:30', 'Gameweek 11', 'Sunderland (A)']","['22 Nov 15:00', 'Gameweek 12', 'West Ham (H)']","['30 Nov 16:00', 'Gameweek 13', 'Spurs (A)']","['03 Dec 19:45', 'Gameweek 14', 'Hull (H)']","['06 Dec 15:00', 'Gameweek 15', 'Man City (A)']","['14 Dec 16:00', 'Gameweek 16', 'QPR (H)']","['20 Dec 15:00', 'Gameweek 17', 'Southampton (A)']","['26 Dec 15:00', 'Gameweek 18', 'Stoke (H)']","['28 Dec 15:00', 'Gameweek 19', 'Newcastle (A)']","['01 Jan 15:00', 'Gameweek 20', 'Hull (A)']","['10 Jan 15:00', 'Gameweek 21', 'Man City (H)']","['17 Jan 15:00', 'Gameweek 22', 'West Brom (H)']","['31 Jan 15:00', 'Gameweek 23', 'Crystal Palace (A)']","['07 Feb 15:00', 'Gameweek 24', 'Liverpool (H)']","['11 Feb 19:45', 'Gameweek 25', 'Chelsea (A)']","['21 Feb 15:00', 'Gameweek 26', 'Leicester (H)']","['28 Feb 15:00', 'Gameweek 27', 'Arsenal (A)']","['04 Mar 19:45', 'Gameweek 28', 'Stoke (A)']","['14 Mar 15:00', 'Gameweek 29', 'Newcastle (H)']","['21 Mar 15:00', 'Gameweek 30', 'QPR (A)']","['04 Apr 15:00', 'Gameweek 31', 'Southampton (H)']","['11 Apr 15:00', 'Gameweek 32', 'Swansea (A)']","['18 Apr 15:00', 'Gameweek 33', 'Burnley (H)']","['25 Apr 15:00', 'Gameweek 34', 'Man Utd (H)']","['02 May 15:00', 'Gameweek 35', 'Aston Villa (A)']","['09 May 15:00', 'Gameweek 36', 'Sunderland (H)']","['16 May 15:00', 'Gameweek 37', 'West Ham (A)']","['24 May 15:00', 'Gameweek 38', 'Spurs (H)']"
"Crystal Palace","[1, 'ARS (A)', 2]","[2, 'WHU (H)', 2]","['30 Aug 15:00', 'Gameweek 3', 'Newcastle (A)']","['13 Sep 15:00', 'Gameweek 4', 'Burnley (H)']","['21 Sep 16:00', 'Gameweek 5', 'Everton (A)']","['27 Sep 15:00', 'Gameweek 6', 'Leicester (H)']","['04 Oct 15:00', 'Gameweek 7', 'Hull (A)']","['18 Oct 15:00', 'Gameweek 8', 'Chelsea (H)']","['25 Oct 15:00', 'Gameweek 9', 'West Brom (A)']","['03 Nov 20:00', 'Gameweek 10', 'Sunderland (H)']","['08 Nov 15:00', 'Gameweek 11', 'Man Utd (A)']","['23 Nov 13:30', 'Gameweek 12', 'Liverpool (H)']","['29 Nov 15:00', 'Gameweek 13', 'Swansea (A)']","['02 Dec 20:00', 'Gameweek 14', 'Aston Villa (H)']","['06 Dec 15:00', 'Gameweek 15', 'Spurs (A)']","['13 Dec 15:00', 'Gameweek 16', 'Stoke (H)']","['20 Dec 15:00', 'Gameweek 17', 'Man City (A)']","['26 Dec 15:00', 'Gameweek 18', 'Southampton (H)']","['28 Dec 15:00', 'Gameweek 19', 'QPR (A)']","['01 Jan 15:00', 'Gameweek 20', 'Aston Villa (A)']","['10 Jan 15:00', 'Gameweek 21', 'Spurs (H)']","['17 Jan 15:00', 'Gameweek 22', 'Burnley (A)']","['31 Jan 15:00', 'Gameweek 23', 'Everton (H)']","['07 Feb 15:00', 'Gameweek 24', 'Leicester (A)']","['10 Feb 20:00', 'Gameweek 25', 'Newcastle (H)']","['21 Feb 15:00', 'Gameweek 26', 'Arsenal (H)']","['28 Feb 15:00', 'Gameweek 27', 'West Ham (A)']","['03 Mar 19:45', 'Gameweek 28', 'Southampton (A)']","['14 Mar 15:00', 'Gameweek 29', 'QPR (H)']","['21 Mar 15:00', 'Gameweek 30', 'Stoke (A)']","['04 Apr 15:00', 'Gameweek 31', 'Man City (H)']","['11 Apr 15:00', 'Gameweek 32', 'Sunderland (A)']","['18 Apr 15:00', 'Gameweek 33', 'West Brom (H)']","['25 Apr 15:00', 'Gameweek 34', 'Hull (H)']","['02 May 15:00', 'Gameweek 35', 'Chelsea (A)']","['09 May 15:00', 'Gameweek 36', 'Man Utd (H)']","['16 May 15:00', 'Gameweek 37', 'Liverpool (A)']","['24 May 15:00', 'Gameweek 38', 'Swansea (H)']"
"Hull","[1, 'QPR (A)', 14]","[2, 'STK (H)', 2]","['31 Aug 13:30', 'Gameweek 3', 'Aston Villa (A)']","['15 Sep 20:00', 'Gameweek 4', 'West Ham (H)']","['20 Sep 15:00', 'Gameweek 5', 'Newcastle (A)']","['27 Sep 15:00', 'Gameweek 6', 'Man City (H)']","['04 Oct 15:00', 'Gameweek 7', 'Crystal Palace (H)']","['18 Oct 15:00', 'Gameweek 8', 'Arsenal (A)']","['25 Oct 15:00', 'Gameweek 9', 'Liverpool (A)']","['01 Nov 15:00', 'Gameweek 10', 'Southampton (H)']","['08 Nov 15:00', 'Gameweek 11', 'Burnley (A)']","['23 Nov 16:00', 'Gameweek 12', 'Spurs (H)']","['29 Nov 15:00', 'Gameweek 13', 'Man Utd (A)']","['03 Dec 19:45', 'Gameweek 14', 'Everton (A)']","['06 Dec 15:00', 'Gameweek 15', 'West Brom (H)']","['13 Dec 15:00', 'Gameweek 16', 'Chelsea (A)']","['20 Dec 15:00', 'Gameweek 17', 'Swansea (H)']","['26 Dec 15:00', 'Gameweek 18', 'Sunderland (A)']","['28 Dec 15:00', 'Gameweek 19', 'Leicester (H)']","['01 Jan 15:00', 'Gameweek 20', 'Everton (H)']","['10 Jan 15:00', 'Gameweek 21', 'West Brom (A)']","['17 Jan 15:00', 'Gameweek 22', 'West Ham (A)']","['31 Jan 15:00', 'Gameweek 23', 'Newcastle (H)']","['07 Feb 15:00', 'Gameweek 24', 'Man City (A)']","['10 Feb 19:45', 'Gameweek 25', 'Aston Villa (H)']","['21 Feb 15:00', 'Gameweek 26', 'QPR (H)']","['28 Feb 15:00', 'Gameweek 27', 'Stoke (A)']","['03 Mar 19:45', 'Gameweek 28', 'Sunderland (H)']","['14 Mar 15:00', 'Gameweek 29', 'Leicester (A)']","['21 Mar 15:00', 'Gameweek 30', 'Chelsea (H)']","['04 Apr 15:00', 'Gameweek 31', 'Swansea (A)']","['11 Apr 15:00', 'Gameweek 32', 'Southampton (A)']","['18 Apr 15:00', 'Gameweek 33', 'Liverpool (H)']","['25 Apr 15:00', 'Gameweek 34', 'Crystal Palace (A)']","['02 May 15:00', 'Gameweek 35', 'Arsenal (H)']","['09 May 15:00', 'Gameweek 36', 'Burnley (H)']","['16 May 15:00', 'Gameweek 37', 'Spurs (A)']","['24 May 15:00', 'Gameweek 38', 'Man Utd (H)']"
"Leicester","[1, 'EVE (H)', 1]","[2, 'CHE (A)', 3]","['31 Aug 16:00', 'Gameweek 3', 'Arsenal (H)']","['13 Sep 15:00', 'Gameweek 4', 'Stoke (A)']","['21 Sep 13:30', 'Gameweek 5', 'Man Utd (H)']","['27 Sep 15:00', 'Gameweek 6', 'Crystal Palace (A)']","['04 Oct 15:00', 'Gameweek 7', 'Burnley (H)']","['18 Oct 15:00', 'Gameweek 8', 'Newcastle (A)']","['25 Oct 17:30', 'Gameweek 9', 'Swansea (A)']","['01 Nov 15:00', 'Gameweek 10', 'West Brom (H)']","['08 Nov 15:00', 'Gameweek 11', 'Southampton (A)']","['22 Nov 15:00', 'Gameweek 12', 'Sunderland (H)']","['29 Nov 15:00', 'Gameweek 13', 'QPR (A)']","['02 Dec 19:45', 'Gameweek 14', 'Liverpool (H)']","['06 Dec 15:00', 'Gameweek 15', 'Aston Villa (A)']","['13 Dec 15:00', 'Gameweek 16', 'Man City (H)']","['20 Dec 15:00', 'Gameweek 17', 'West Ham (A)']","['26 Dec 15:00', 'Gameweek 18', 'Spurs (H)']","['28 Dec 15:00', 'Gameweek 19', 'Hull (A)']","['01 Jan 15:00', 'Gameweek 20', 'Liverpool (A)']","['10 Jan 15:00', 'Gameweek 21', 'Aston Villa (H)']","['17 Jan 15:00', 'Gameweek 22', 'Stoke (H)']","['31 Jan 15:00', 'Gameweek 23', 'Man Utd (A)']","['07 Feb 15:00', 'Gameweek 24', 'Crystal Palace (H)']","['10 Feb 19:45', 'Gameweek 25', 'Arsenal (A)']","['21 Feb 15:00', 'Gameweek 26', 'Everton (A)']","['28 Feb 15:00', 'Gameweek 27', 'Chelsea (H)']","['04 Mar 19:45', 'Gameweek 28', 'Man City (A)']","['14 Mar 15:00', 'Gameweek 29', 'Hull (H)']","['21 Mar 15:00', 'Gameweek 30', 'Spurs (A)']","['04 Apr 15:00', 'Gameweek 31', 'West Ham (H)']","['11 Apr 15:00', 'Gameweek 32', 'West Brom (A)']","['18 Apr 15:00', 'Gameweek 33', 'Swansea (H)']","['25 Apr 15:00', 'Gameweek 34', 'Burnley (A)']","['02 May 15:00', 'Gameweek 35', 'Newcastle (H)']","['09 May 15:00', 'Gameweek 36', 'Southampton (H)']","['16 May 15:00', 'Gameweek 37', 'Sunderland (A)']","['24 May 15:00', 'Gameweek 38', 'QPR (H)']"
"Liverpool","[1, 'SOU (H)', 0]","[2, 'MCI (A)', 0]","['25 Aug 20:00', 'Gameweek 2', 'Man City (A)']","['31 Aug 13:30', 'Gameweek 3', 'Spurs (A)']","['13 Sep 17:30', 'Gameweek 4', 'Aston Villa (H)']","['20 Sep 17:30', 'Gameweek 5', 'West Ham (A)']","['27 Sep 12:45', 'Gameweek 6', 'Everton (H)']","['04 Oct 15:00', 'Gameweek 7', 'West Brom (H)']","['19 Oct 13:30', 'Gameweek 8', 'QPR (A)']","['25 Oct 15:00', 'Gameweek 9', 'Hull (H)']","['01 Nov 12:45', 'Gameweek 10', 'Newcastle (A)']","['08 Nov 12:45', 'Gameweek 11', 'Chelsea (H)']","['23 Nov 13:30', 'Gameweek 12', 'Crystal Palace (A)']","['29 Nov 15:00', 'Gameweek 13', 'Stoke (H)']","['02 Dec 19:45', 'Gameweek 14', 'Leicester (A)']","['06 Dec 15:00', 'Gameweek 15', 'Sunderland (H)']","['13 Dec 15:00', 'Gameweek 16', 'Man Utd (A)']","['20 Dec 15:00', 'Gameweek 17', 'Arsenal (H)']","['26 Dec 15:00', 'Gameweek 18', 'Burnley (A)']","['28 Dec 15:00', 'Gameweek 19', 'Swansea (H)']","['01 Jan 15:00', 'Gameweek 20', 'Leicester (H)']","['10 Jan 15:00', 'Gameweek 21', 'Sunderland (A)']","['17 Jan 15:00', 'Gameweek 22', 'Aston Villa (A)']","['31 Jan 15:00', 'Gameweek 23', 'West Ham (H)']","['07 Feb 15:00', 'Gameweek 24', 'Everton (A)']","['10 Feb 20:00', 'Gameweek 25', 'Spurs (H)']","['21 Feb 15:00', 'Gameweek 26', 'Southampton (A)']","['28 Feb 15:00', 'Gameweek 27', 'Man City (H)']","['03 Mar 20:00', 'Gameweek 28', 'Burnley (H)']","['14 Mar 15:00', 'Gameweek 29', 'Swansea (A)']","['21 Mar 15:00', 'Gameweek 30', 'Man Utd (H)']","['04 Apr 15:00', 'Gameweek 31', 'Arsenal (A)']","['11 Apr 15:00', 'Gameweek 32', 'Newcastle (H)']","['18 Apr 15:00', 'Gameweek 33', 'Hull (A)']","['25 Apr 15:00', 'Gameweek 34', 'West Brom (A)']","['02 May 15:00', 'Gameweek 35', 'QPR (H)']","['09 May 15:00', 'Gameweek 36', 'Chelsea (A)']","['16 May 15:00', 'Gameweek 37', 'Crystal Palace (H)']","['24 May 15:00', 'Gameweek 38', 'Stoke (A)']"
"West Brom","[1, 'SUN (H)', 1]","[2, 'SOU (A)', 8]","['30 Aug 15:00', 'Gameweek 3', 'Swansea (A)']","['13 Sep 15:00', 'Gameweek 4', 'Everton (H)']","['20 Sep 15:00', 'Gameweek 5', 'Spurs (A)']","['28 Sep 16:00', 'Gameweek 6', 'Burnley (H)']","['04 Oct 15:00', 'Gameweek 7', 'Liverpool (A)']","['20 Oct 20:00', 'Gameweek 8', 'Man Utd (H)']","['25 Oct 15:00', 'Gameweek 9', 'Crystal Palace (H)']","['01 Nov 15:00', 'Gameweek 10', 'Leicester (A)']","['09 Nov 13:30', 'Gameweek 11', 'Newcastle (H)']","['22 Nov 15:00', 'Gameweek 12', 'Chelsea (A)']","['29 Nov 12:45', 'Gameweek 13', 'Arsenal (H)']","['02 Dec 20:00', 'Gameweek 14', 'West Ham (H)']","['06 Dec 15:00', 'Gameweek 15', 'Hull (A)']","['13 Dec 15:00', 'Gameweek 16', 'Aston Villa (H)']","['20 Dec 15:00', 'Gameweek 17', 'QPR (A)']","['26 Dec 15:00', 'Gameweek 18', 'Man City (H)']","['28 Dec 15:00', 'Gameweek 19', 'Stoke (A)']","['01 Jan 15:00', 'Gameweek 20', 'West Ham (A)']","['10 Jan 15:00', 'Gameweek 21', 'Hull (H)']","['17 Jan 15:00', 'Gameweek 22', 'Everton (A)']","['31 Jan 15:00', 'Gameweek 23', 'Spurs (H)']","['07 Feb 15:00', 'Gameweek 24', 'Burnley (A)']","['10 Feb 20:00', 'Gameweek 25', 'Swansea (H)']","['21 Feb 15:00', 'Gameweek 26', 'Sunderland (A)']","['28 Feb 15:00', 'Gameweek 27', 'Southampton (H)']","['03 Mar 19:45', 'Gameweek 28', 'Aston Villa (A)']","['14 Mar 15:00', 'Gameweek 29', 'Stoke (H)']","['21 Mar 15:00', 'Gameweek 30', 'Man City (A)']","['04 Apr 15:00', 'Gameweek 31', 'QPR (H)']","['11 Apr 15:00', 'Gameweek 32', 'Leicester (H)']","['18 Apr 15:00', 'Gameweek 33', 'Crystal Palace (A)']","['25 Apr 15:00', 'Gameweek 34', 'Liverpool (H)']","['02 May 15:00', 'Gameweek 35', 'Man Utd (A)']","['09 May 15:00', 'Gameweek 36', 'Newcastle (A)']","['16 May 15:00', 'Gameweek 37', 'Chelsea (H)']","['24 May 15:00', 'Gameweek 38', 'Arsenal (A)']"
"Man City","[1, 'NEW (A)', 6]","[2, 'LIV (H)', 0]","['25 Aug 20:00', 'Gameweek 2', 'Liverpool (H)']","['30 Aug 15:00', 'Gameweek 3', 'Stoke (H)']","['13 Sep 12:45', 'Gameweek 4', 'Arsenal (A)']","['21 Sep 16:00', 'Gameweek 5', 'Chelsea (H)']","['27 Sep 15:00', 'Gameweek 6', 'Hull (A)']","['04 Oct 17:30', 'Gameweek 7', 'Aston Villa (A)']","['18 Oct 12:45', 'Gameweek 8', 'Spurs (H)']","['25 Oct 12:45', 'Gameweek 9', 'West Ham (A)']","['02 Nov 13:30', 'Gameweek 10', 'Man Utd (H)']","['08 Nov 17:30', 'Gameweek 11', 'QPR (A)']","['22 Nov 15:00', 'Gameweek 12', 'Swansea (H)']","['30 Nov 13:30', 'Gameweek 13', 'Southampton (A)']","['03 Dec 19:45', 'Gameweek 14', 'Sunderland (A)']","['06 Dec 15:00', 'Gameweek 15', 'Everton (H)']","['13 Dec 15:00', 'Gameweek 16', 'Leicester (A)']","['20 Dec 15:00', 'Gameweek 17', 'Crystal Palace (H)']","['26 Dec 15:00', 'Gameweek 18', 'West Brom (A)']","['28 Dec 15:00', 'Gameweek 19', 'Burnley (H)']","['01 Jan 15:00', 'Gameweek 20', 'Sunderland (H)']","['10 Jan 15:00', 'Gameweek 21', 'Everton (A)']","['17 Jan 15:00', 'Gameweek 22', 'Arsenal (H)']","['31 Jan 15:00', 'Gameweek 23', 'Chelsea (A)']","['07 Feb 15:00', 'Gameweek 24', 'Hull (H)']","['11 Feb 19:45', 'Gameweek 25', 'Stoke (A)']","['21 Feb 15:00', 'Gameweek 26', 'Newcastle (H)']","['28 Feb 15:00', 'Gameweek 27', 'Liverpool (A)']","['04 Mar 19:45', 'Gameweek 28', 'Leicester (H)']","['14 Mar 15:00', 'Gameweek 29', 'Burnley (A)']","['21 Mar 15:00', 'Gameweek 30', 'West Brom (H)']","['04 Apr 15:00', 'Gameweek 31', 'Crystal Palace (A)']","['11 Apr 15:00', 'Gameweek 32', 'Man Utd (A)']","['18 Apr 15:00', 'Gameweek 33', 'West Ham (H)']","['25 Apr 15:00', 'Gameweek 34', 'Aston Villa (H)']","['02 May 15:00', 'Gameweek 35', 'Spurs (A)']","['09 May 15:00', 'Gameweek 36', 'QPR (H)']","['16 May 15:00', 'Gameweek 37', 'Swansea (A)']","['24 May 15:00', 'Gameweek 38', 'Southampton (H)']"
"Sunderland","[1, 'WBA (A)', 2]","[2, 'MUN (H)', 8]","['30 Aug 15:00', 'Gameweek 3', 'QPR (A)']","['13 Sep 15:00', 'Gameweek 4', 'Spurs (H)']","['20 Sep 15:00', 'Gameweek 5', 'Burnley (A)']","['27 Sep 15:00', 'Gameweek 6', 'Swansea (H)']","['04 Oct 15:00', 'Gameweek 7', 'Stoke (H)']","['18 Oct 15:00', 'Gameweek 8', 'Southampton (A)']","['25 Oct 15:00', 'Gameweek 9', 'Arsenal (H)']","['03 Nov 20:00', 'Gameweek 10', 'Crystal Palace (A)']","['09 Nov 13:30', 'Gameweek 11', 'Everton (H)']","['22 Nov 15:00', 'Gameweek 12', 'Leicester (A)']","['29 Nov 17:30', 'Gameweek 13', 'Chelsea (H)']","['03 Dec 19:45', 'Gameweek 14', 'Man City (H)']","['06 Dec 15:00', 'Gameweek 15', 'Liverpool (A)']","['13 Dec 15:00', 'Gameweek 16', 'West Ham (H)']","['20 Dec 15:00', 'Gameweek 17', 'Newcastle (A)']","['26 Dec 15:00', 'Gameweek 18', 'Hull (H)']","['28 Dec 15:00', 'Gameweek 19', 'Aston Villa (A)']","['01 Jan 15:00', 'Gameweek 20', 'Man City (A)']","['10 Jan 15:00', 'Gameweek 21', 'Liverpool (H)']","['17 Jan 15:00', 'Gameweek 22', 'Spurs (A)']","['31 Jan 15:00', 'Gameweek 23', 'Burnley (H)']","['07 Feb 15:00', 'Gameweek 24', 'Swansea (A)']","['10 Feb 19:45', 'Gameweek 25', 'QPR (H)']","['21 Feb 15:00', 'Gameweek 26', 'West Brom (H)']","['28 Feb 15:00', 'Gameweek 27', 'Man Utd (A)']","['03 Mar 19:45', 'Gameweek 28', 'Hull (A)']","['14 Mar 15:00', 'Gameweek 29', 'Aston Villa (H)']","['21 Mar 15:00', 'Gameweek 30', 'West Ham (A)']","['04 Apr 15:00', 'Gameweek 31', 'Newcastle (H)']","['11 Apr 15:00', 'Gameweek 32', 'Crystal Palace (H)']","['18 Apr 15:00', 'Gameweek 33', 'Arsenal (A)']","['25 Apr 15:00', 'Gameweek 34', 'Stoke (A)']","['02 May 15:00', 'Gameweek 35', 'Southampton (H)']","['09 May 15:00', 'Gameweek 36', 'Everton (A)']","['16 May 15:00', 'Gameweek 37', 'Leicester (H)']","['24 May 15:00', 'Gameweek 38', 'Chelsea (A)']"
"Man Utd","[1, 'SWA (H)', 1]","[2, 'SUN (A)', 2]","['30 Aug 12:45', 'Gameweek 3', 'Burnley (A)']","['14 Sep 16:00', 'Gameweek 4', 'QPR (H)']","['21 Sep 13:30', 'Gameweek 5', 'Leicester (A)']","['27 Sep 15:00', 'Gameweek 6', 'West Ham (H)']","['05 Oct 12:00', 'Gameweek 7', 'Everton (H)']","['20 Oct 20:00', 'Gameweek 8', 'West Brom (A)']","['26 Oct 16:00', 'Gameweek 9', 'Chelsea (H)']","['02 Nov 13:30', 'Gameweek 10', 'Man City (A)']","['08 Nov 15:00', 'Gameweek 11', 'Crystal Palace (H)']","['22 Nov 17:30', 'Gameweek 12', 'Arsenal (A)']","['29 Nov 15:00', 'Gameweek 13', 'Hull (H)']","['02 Dec 19:45', 'Gameweek 14', 'Stoke (H)']","['06 Dec 15:00', 'Gameweek 15', 'Southampton (A)']","['13 Dec 15:00', 'Gameweek 16', 'Liverpool (H)']","['20 Dec 15:00', 'Gameweek 17', 'Aston Villa (A)']","['26 Dec 15:00', 'Gameweek 18', 'Newcastle (H)']","['28 Dec 15:00', 'Gameweek 19', 'Spurs (A)']","['01 Jan 15:00', 'Gameweek 20', 'Stoke (A)']","['10 Jan 15:00', 'Gameweek 21', 'Southampton (H)']","['17 Jan 15:00', 'Gameweek 22', 'QPR (A)']","['31 Jan 15:00', 'Gameweek 23', 'Leicester (H)']","['07 Feb 15:00', 'Gameweek 24', 'West Ham (A)']","['10 Feb 19:45', 'Gameweek 25', 'Burnley (H)']","['21 Feb 15:00', 'Gameweek 26', 'Swansea (A)']","['28 Feb 15:00', 'Gameweek 27', 'Sunderland (H)']","['04 Mar 19:45', 'Gameweek 28', 'Newcastle (A)']","['14 Mar 15:00', 'Gameweek 29', 'Spurs (H)']","['21 Mar 15:00', 'Gameweek 30', 'Liverpool (A)']","['04 Apr 15:00', 'Gameweek 31', 'Aston Villa (H)']","['11 Apr 15:00', 'Gameweek 32', 'Man City (H)']","['18 Apr 15:00', 'Gameweek 33', 'Chelsea (A)']","['25 Apr 15:00', 'Gameweek 34', 'Everton (A)']","['02 May 15:00', 'Gameweek 35', 'West Brom (H)']","['09 May 15:00', 'Gameweek 36', 'Crystal Palace (A)']","['16 May 15:00', 'Gameweek 37', 'Arsenal (H)']","['24 May 15:00', 'Gameweek 38', 'Hull (A)']"
"Newcastle","[1, 'MCI (H)', 2]","[2, 'AVL (A)', 6]","['30 Aug 15:00', 'Gameweek 3', 'Crystal Palace (H)']","['13 Sep 15:00', 'Gameweek 4', 'Southampton (A)']","['20 Sep 15:00', 'Gameweek 5', 'Hull (H)']","['29 Sep 20:00', 'Gameweek 6', 'Stoke (A)']","['04 Oct 15:00', 'Gameweek 7', 'Swansea (A)']","['18 Oct 15:00', 'Gameweek 8', 'Leicester (H)']","['25 Oct 15:00', 'Gameweek 9', 'Spurs (A)']","['01 Nov 12:45', 'Gameweek 10', 'Liverpool (H)']","['09 Nov 13:30', 'Gameweek 11', 'West Brom (A)']","['22 Nov 15:00', 'Gameweek 12', 'QPR (H)']","['29 Nov 15:00', 'Gameweek 13', 'West Ham (A)']","['02 Dec 19:45', 'Gameweek 14', 'Burnley (A)']","['06 Dec 15:00', 'Gameweek 15', 'Chelsea (H)']","['13 Dec 15:00', 'Gameweek 16', 'Arsenal (A)']","['20 Dec 15:00', 'Gameweek 17', 'Sunderland (H)']","['26 Dec 15:00', 'Gameweek 18', 'Man Utd (A)']","['28 Dec 15:00', 'Gameweek 19', 'Everton (H)']","['01 Jan 15:00', 'Gameweek 20', 'Burnley (H)']","['10 Jan 15:00', 'Gameweek 21', 'Chelsea (A)']","['17 Jan 15:00', 'Gameweek 22', 'Southampton (H)']","['31 Jan 15:00', 'Gameweek 23', 'Hull (A)']","['07 Feb 15:00', 'Gameweek 24', 'Stoke (H)']","['10 Feb 20:00', 'Gameweek 25', 'Crystal Palace (A)']","['21 Feb 15:00', 'Gameweek 26', 'Man City (A)']","['28 Feb 15:00', 'Gameweek 27', 'Aston Villa (H)']","['04 Mar 19:45', 'Gameweek 28', 'Man Utd (H)']","['14 Mar 15:00', 'Gameweek 29', 'Everton (A)']","['21 Mar 15:00', 'Gameweek 30', 'Arsenal (H)']","['04 Apr 15:00', 'Gameweek 31', 'Sunderland (A)']","['11 Apr 15:00', 'Gameweek 32', 'Liverpool (A)']","['18 Apr 15:00', 'Gameweek 33', 'Spurs (H)']","['25 Apr 15:00', 'Gameweek 34', 'Swansea (H)']","['02 May 15:00', 'Gameweek 35', 'Leicester (A)']","['09 May 15:00', 'Gameweek 36', 'West Brom (H)']","['16 May 15:00', 'Gameweek 37', 'QPR (A)']","['24 May 15:00', 'Gameweek 38', 'West Ham (H)']"
"QPR","[1, 'HUL (H)', 3]","[2, 'TOT (A)', 0]","['30 Aug 15:00', 'Gameweek 3', 'Sunderland (H)']","['14 Sep 16:00', 'Gameweek 4', 'Man Utd (A)']","['20 Sep 12:45', 'Gameweek 5', 'Stoke (H)']","['27 Sep 15:00', 'Gameweek 6', 'Southampton (A)']","['05 Oct 16:15', 'Gameweek 7', 'West Ham (A)']","['19 Oct 13:30', 'Gameweek 8', 'Liverpool (H)']","['27 Oct 20:00', 'Gameweek 9', 'Aston Villa (H)']","['01 Nov 15:00', 'Gameweek 10', 'Chelsea (A)']","['08 Nov 17:30', 'Gameweek 11', 'Man City (H)']","['22 Nov 15:00', 'Gameweek 12', 'Newcastle (A)']","['29 Nov 15:00', 'Gameweek 13', 'Leicester (H)']","['02 Dec 19:45', 'Gameweek 14', 'Swansea (A)']","['06 Dec 15:00', 'Gameweek 15', 'Burnley (H)']","['14 Dec 16:00', 'Gameweek 16', 'Everton (A)']","['20 Dec 15:00', 'Gameweek 17', 'West Brom (H)']","['26 Dec 15:00', 'Gameweek 18', 'Arsenal (A)']","['28 Dec 15:00', 'Gameweek 19', 'Crystal Palace (H)']","['01 Jan 15:00', 'Gameweek 20', 'Swansea (H)']","['10 Jan 15:00', 'Gameweek 21', 'Burnley (A)']","['17 Jan 15:00', 'Gameweek 22', 'Man Utd (H)']","['31 Jan 15:00', 'Gameweek 23', 'Stoke (A)']","['07 Feb 15:00', 'Gameweek 24', 'Southampton (H)']","['10 Feb 19:45', 'Gameweek 25', 'Sunderland (A)']","['21 Feb 15:00', 'Gameweek 26', 'Hull (A)']","['28 Feb 15:00', 'Gameweek 27', 'Spurs (H)']","['03 Mar 19:45', 'Gameweek 28', 'Arsenal (H)']","['14 Mar 15:00', 'Gameweek 29', 'Crystal Palace (A)']","['21 Mar 15:00', 'Gameweek 30', 'Everton (H)']","['04 Apr 15:00', 'Gameweek 31', 'West Brom (A)']","['11 Apr 15:00', 'Gameweek 32', 'Chelsea (H)']","['18 Apr 15:00', 'Gameweek 33', 'Aston Villa (A)']","['25 Apr 15:00', 'Gameweek 34', 'West Ham (H)']","['02 May 15:00', 'Gameweek 35', 'Liverpool (A)']","['09 May 15:00', 'Gameweek 36', 'Man City (A)']","['16 May 15:00', 'Gameweek 37', 'Newcastle (H)']","['24 May 15:00', 'Gameweek 38', 'Leicester (A)']"
"Spurs","[1, 'WHU (A)', 0]","[2, 'QPR (H)', 0]","['31 Aug 13:30', 'Gameweek 3', 'Liverpool (H)']","['13 Sep 15:00', 'Gameweek 4', 'Sunderland (A)']","['20 Sep 15:00', 'Gameweek 5', 'West Brom (H)']","['27 Sep 17:30', 'Gameweek 6', 'Arsenal (A)']","['04 Oct 15:00', 'Gameweek 7', 'Southampton (H)']","['18 Oct 12:45', 'Gameweek 8', 'Man City (A)']","['25 Oct 15:00', 'Gameweek 9', 'Newcastle (H)']","['02 Nov 16:00', 'Gameweek 10', 'Aston Villa (A)']","['08 Nov 15:00', 'Gameweek 11', 'Stoke (H)']","['23 Nov 16:00', 'Gameweek 12', 'Hull (A)']","['30 Nov 16:00', 'Gameweek 13', 'Everton (H)']","['03 Dec 19:45', 'Gameweek 14', 'Chelsea (A)']","['06 Dec 15:00', 'Gameweek 15', 'Crystal Palace (H)']","['13 Dec 15:00', 'Gameweek 16', 'Swansea (A)']","['20 Dec 15:00', 'Gameweek 17', 'Burnley (H)']","['26 Dec 15:00', 'Gameweek 18', 'Leicester (A)']","['28 Dec 15:00', 'Gameweek 19', 'Man Utd (H)']","['01 Jan 15:00', 'Gameweek 20', 'Chelsea (H)']","['10 Jan 15:00', 'Gameweek 21', 'Crystal Palace (A)']","['17 Jan 15:00', 'Gameweek 22', 'Sunderland (H)']","['31 Jan 15:00', 'Gameweek 23', 'West Brom (A)']","['07 Feb 15:00', 'Gameweek 24', 'Arsenal (H)']","['10 Feb 20:00', 'Gameweek 25', 'Liverpool (A)']","['21 Feb 15:00', 'Gameweek 26', 'West Ham (H)']","['28 Feb 15:00', 'Gameweek 27', 'QPR (A)']","['04 Mar 19:45', 'Gameweek 28', 'Swansea (H)']","['14 Mar 15:00', 'Gameweek 29', 'Man Utd (A)']","['21 Mar 15:00', 'Gameweek 30', 'Leicester (H)']","['04 Apr 15:00', 'Gameweek 31', 'Burnley (A)']","['11 Apr 15:00', 'Gameweek 32', 'Aston Villa (H)']","['18 Apr 15:00', 'Gameweek 33', 'Newcastle (A)']","['25 Apr 15:00', 'Gameweek 34', 'Southampton (A)']","['02 May 15:00', 'Gameweek 35', 'Man City (H)']","['09 May 15:00', 'Gameweek 36', 'Stoke (A)']","['16 May 15:00', 'Gameweek 37', 'Hull (H)']","['24 May 15:00', 'Gameweek 38', 'Everton (A)']"
"Swansea","[1, 'WHU (A)', 0]","[2, 'BUR (H)', 0]","['30 Aug 15:00', 'Gameweek 3', 'West Brom (H)']","['13 Sep 15:00', 'Gameweek 4', 'Chelsea (A)']","['20 Sep 15:00', 'Gameweek 5', 'Southampton (H)']","['27 Sep 15:00', 'Gameweek 6', 'Sunderland (A)']","['04 Oct 15:00', 'Gameweek 7', 'Newcastle (H)']","['19 Oct 16:00', 'Gameweek 8', 'Stoke (A)']","['25 Oct 17:30', 'Gameweek 9', 'Leicester (H)']","['01 Nov 15:00', 'Gameweek 10', 'Everton (A)']","['09 Nov 16:00', 'Gameweek 11', 'Arsenal (H)']","['22 Nov 15:00', 'Gameweek 12', 'Man City (A)']","['29 Nov 15:00', 'Gameweek 13', 'Crystal Palace (H)']","['02 Dec 19:45', 'Gameweek 14', 'QPR (H)']","['06 Dec 15:00', 'Gameweek 15', 'West Ham (A)']","['13 Dec 15:00', 'Gameweek 16', 'Spurs (H)']","['20 Dec 15:00', 'Gameweek 17', 'Hull (A)']","['26 Dec 15:00', 'Gameweek 18', 'Aston Villa (H)']","['28 Dec 15:00', 'Gameweek 19', 'Liverpool (A)']","['01 Jan 15:00', 'Gameweek 20', 'QPR (A)']","['10 Jan 15:00', 'Gameweek 21', 'West Ham (H)']","['17 Jan 15:00', 'Gameweek 22', 'Chelsea (H)']","['31 Jan 15:00', 'Gameweek 23', 'Southampton (A)']","['07 Feb 15:00', 'Gameweek 24', 'Sunderland (H)']","['10 Feb 20:00', 'Gameweek 25', 'West Brom (A)']","['21 Feb 15:00', 'Gameweek 26', 'Man Utd (H)']","['28 Feb 15:00', 'Gameweek 27', 'Burnley (A)']","['04 Mar 19:45', 'Gameweek 28', 'Spurs (A)']","['14 Mar 15:00', 'Gameweek 29', 'Liverpool (H)']","['21 Mar 15:00', 'Gameweek 30', 'Aston Villa (A)']","['04 Apr 15:00', 'Gameweek 31', 'Hull (H)']","['11 Apr 15:00', 'Gameweek 32', 'Everton (H)']","['18 Apr 15:00', 'Gameweek 33', 'Leicester (A)']","['25 Apr 15:00', 'Gameweek 34', 'Newcastle (A)']","['02 May 15:00', 'Gameweek 35', 'Stoke (H)']","['09 May 15:00', 'Gameweek 36', 'Arsenal (A)']","['16 May 15:00', 'Gameweek 37', 'Man City (H)']","['24 May 15:00', 'Gameweek 38', 'Crystal Palace (A)']"
